{"py/object": "Sto.StoDocument.StoDocument", "_title_page": {"py/object": "Sto.Title.TitlePage", "_paragraphs": [{"py/object": "Sto.Title.ForHelpTitlePageCenter", "_text": "\u0424\u0435\u0434\u0435\u0440\u0430\u043b\u044c\u043d\u043e\u0435 \u0433\u043e\u0441\u0443\u0434\u0430\u0440\u0441\u0442\u0432\u0435\u043d\u043d\u043e\u0435 \u0430\u0432\u0442\u043e\u043d\u043e\u043c\u043d\u043e\u0435", "_type": "TypeForHelpTitlePageCenter"}, {"py/object": "Sto.Title.ForHelpTitlePageCenter", "_text": "\u043e\u0431\u0440\u0430\u0437\u043e\u0432\u0430\u0442\u0435\u043b\u044c\u043d\u043e\u0435 \u0443\u0447\u0440\u0435\u0436\u0434\u0435\u043d\u0438\u0435", "_type": "TypeForHelpTitlePageCenter"}, {"py/object": "Sto.Title.ForHelpTitlePageCenter", "_text": "\u0432\u044b\u0441\u0448\u0435\u0433\u043e \u043e\u0431\u0440\u0430\u0437\u043e\u0432\u0430\u043d\u0438\u044f", "_type": "TypeForHelpTitlePageCenter"}, {"py/object": "Sto.Title.ForHelpTitlePageCenter", "_text": "\u00ab\u0421\u0418\u0411\u0418\u0420\u0421\u041a\u0418\u0419 \u0424\u0415\u0414\u0415\u0420\u0410\u041b\u042c\u041d\u042b\u0419 \u0423\u041d\u0418\u0412\u0415\u0420\u0421\u0418\u0422\u0415\u0422\u00bb", "_type": "TypeForHelpTitlePageCenter"}, {"py/object": "Sto.Title.ForHelpTitlePageCenter", "_text": "", "_type": "TypeForHelpTitlePageCenter"}, {"py/object": "Sto.Title.DepartmentAndSubject", "_text": "\u0418\u043d\u0441\u0442\u0438\u0442\u0443\u0442 \u041a\u043e\u0441\u043c\u0438\u0447\u0435\u0441\u043a\u0438\u0445 \u0438 \u0438\u043d\u0444\u043e\u0440\u043c\u0430\u0446\u0438\u043e\u043d\u043d\u044b\u0445 \u0442\u0435\u0445\u043d\u043e\u043b\u043e\u0433\u0438\u0439", "_type": "DepartmentAndSubject"}, {"py/object": "Sto.Title.Subscript", "_text": "\u0438\u043d\u0441\u0442\u0438\u0442\u0443\u0442", "_type": "Subscript"}, {"py/object": "Sto.Title.DepartmentAndSubject", "_text": "\u041a\u0430\u0444\u0435\u0434\u0440\u0430 \u00ab\u0418\u043d\u0444\u043e\u0440\u043c\u0430\u0442\u0438\u043a\u0430\u00bb", "_type": "DepartmentAndSubject"}, {"py/object": "Sto.Title.Subscript", "_text": "\u043a\u0430\u0444\u0435\u0434\u0440\u0430", "_type": "Subscript"}, {"py/object": "Sto.Title.ForHelpTitlePageCenter", "_text": "", "_type": "TypeForHelpTitlePageCenter"}, {"py/object": "Sto.Title.ForHelpTitlePageCenter", "_text": "", "_type": "TypeForHelpTitlePageCenter"}, {"py/object": "Sto.Title.ForHelpTitlePageCenter", "_text": "", "_type": "TypeForHelpTitlePageCenter"}, {"py/object": "Sto.Title.ForHelpTitlePageCenter", "_text": "", "_type": "TypeForHelpTitlePageCenter"}, {"py/object": "Sto.Title.ForHelpTitlePageCenter", "_text": "", "_type": "TypeForHelpTitlePageCenter"}, {"py/object": "Sto.Title.ForHelpTitlePageCenter", "_text": "", "_type": "TypeForHelpTitlePageCenter"}, {"py/object": "Sto.Title.ForHelpTitlePageCenter", "_text": "", "_type": "TypeForHelpTitlePageCenter"}, {"py/object": "Sto.Title.ForHelpTitlePageCenter", "_text": "", "_type": "TypeForHelpTitlePageCenter"}, {"py/object": "Sto.Title.ForHelpTitlePageCenter", "_text": "", "_type": "TypeForHelpTitlePageCenter"}, {"py/object": "Sto.Title.ForHelpTitlePageCenter", "_text": "", "_type": "TypeForHelpTitlePageCenter"}, {"py/object": "Sto.Title.JobTitle", "_text": "\u041e\u0422\u0427\u0415\u0422 \u041e \u041b\u0410\u0411\u041e\u0420\u0410\u0422\u041e\u0420\u041d\u041e\u0419 \u0420\u0410\u0411\u041e\u0422\u0415", "_type": "JobTitle"}, {"py/object": "Sto.Title.ForHelpTitlePageCenter", "_text": "", "_type": "TypeForHelpTitlePageCenter"}, {"py/object": "Sto.Title.DepartmentAndSubject", "_text": "\u041b\u0430\u0431\u043e\u0440\u0430\u0442\u043e\u0440\u043d\u0430\u044f \u0440\u0430\u0431\u043e\u0442\u0430 \u21161. \u041a\u043e\u043d\u0435\u0447\u043d\u044b\u0435 \u0430\u0432\u0442\u043e\u043c\u0430\u0442\u044b", "_type": "DepartmentAndSubject"}, {"py/object": "Sto.Title.Subscript", "_text": "\u0442\u0435\u043c\u0430", "_type": "Subscript"}, {"py/object": "Sto.Title.ForHelpTitlePageCenter", "_text": "", "_type": "TypeForHelpTitlePageCenter"}, {"py/object": "Sto.Title.ForHelpTitlePageCenter", "_text": "", "_type": "TypeForHelpTitlePageCenter"}, {"py/object": "Sto.Title.ForHelpTitlePageCenter", "_text": "", "_type": "TypeForHelpTitlePageCenter"}, {"py/object": "Sto.Title.ForHelpTitlePageCenter", "_text": "", "_type": "TypeForHelpTitlePageCenter"}, {"py/object": "Sto.Title.ForHelpTitlePageCenter", "_text": "", "_type": "TypeForHelpTitlePageCenter"}, {"py/object": "Sto.Title.ForHelpTitlePageCenter", "_text": "", "_type": "TypeForHelpTitlePageCenter"}, {"py/object": "Sto.Title.ForHelpTitlePageCenter", "_text": "", "_type": "TypeForHelpTitlePageCenter"}, {"py/object": "Sto.Title.ForHelpTitlePageCenter", "_text": "", "_type": "TypeForHelpTitlePageCenter"}, {"py/object": "Sto.Title.TeacherAndStudent", "_text": "\u0442\u0430\u0431\u043b\u0438\u0446\u0430", "_type": "TeacherAndStudent", "_table": ["\u041f\u0440\u0435\u043f\u043e\u0434\u0430\u0432\u0430\u0442\u0435\u043b\u044c", " ", "\u0410.\u0421. \u041a\u0443\u0437\u043d\u0435\u0446\u043e\u0432", " ", "\u043f\u043e\u0434\u043f\u0438\u0441\u044c, \u0434\u0430\u0442\u0430", "\u0438\u043d\u0438\u0446\u0438\u0430\u043b\u044b, \u0444\u0430\u043c\u0438\u043b\u0438\u044f", "\u0421\u0442\u0443\u0434\u0435\u043d\u0442 \u041a\u041818-16\u0431  031831229", " ", "\u0412.\u0410. \u041f\u0440\u0435\u043a\u0435\u043b\u044c", "\u043d\u043e\u043c\u0435\u0440 \u0433\u0440\u0443\u043f\u043f\u044b, \u0437\u0430\u0447\u0435\u0442\u043d\u043e\u0439 \u043a\u043d\u0438\u0436\u043a\u0438", "\u043f\u043e\u0434\u043f\u0438\u0441\u044c, \u0434\u0430\u0442\u0430", "\u0438\u043d\u0438\u0446\u0438\u0430\u043b\u044b, \u0444\u0430\u043c\u0438\u043b\u0438\u044f"]}, {"py/object": "Sto.Title.ForHelpTitlePageCenter", "_text": "", "_type": "TypeForHelpTitlePageCenter"}, {"py/object": "Sto.Title.ForHelpTitlePageCenter", "_text": "", "_type": "TypeForHelpTitlePageCenter"}, {"py/object": "Sto.Title.ForHelpTitlePageCenter", "_text": "", "_type": "TypeForHelpTitlePageCenter"}, {"py/object": "Sto.Title.ForHelpTitlePageCenter", "_text": "", "_type": "TypeForHelpTitlePageCenter"}, {"py/object": "Sto.Title.ForHelpTitlePageCenter", "_text": "", "_type": "TypeForHelpTitlePageCenter"}, {"py/object": "Sto.Title.ForHelpTitlePageCenter", "_text": "", "_type": "TypeForHelpTitlePageCenter"}, {"py/object": "Sto.Title.ForHelpTitlePageCenter", "_text": "", "_type": "TypeForHelpTitlePageCenter"}, {"py/object": "Sto.Title.ForHelpTitlePageCenter", "_text": "", "_type": "TypeForHelpTitlePageCenter"}, {"py/object": "Sto.Title.ForHelpTitlePageCenter", "_text": "", "_type": "TypeForHelpTitlePageCenter"}, {"py/object": "Sto.Title.ForHelpTitlePageCenter", "_text": "", "_type": "TypeForHelpTitlePageCenter"}, {"py/object": "Sto.Title.ForHelpTitlePageCenter", "_text": "\u041a\u0440\u0430\u0441\u043d\u043e\u044f\u0440\u0441\u043a 2021", "_type": "TypeForHelpTitlePageCenter"}]}, "_headings": [{"py/object": "Sto.Heading.Heading", "_text": "\u0426\u0435\u043b\u044c \u0440\u0430\u0431\u043e\u0442\u044b \u0441 \u043f\u043e\u0441\u0442\u0430\u043d\u043e\u0432\u043a\u043e\u0439 \u0437\u0430\u0434\u0430\u0447\u0438", "_type": "Heading", "_paragraphs": [{"py/object": "Sto.Heading.Heading", "_text": "\u0426\u0435\u043b\u044c \u0440\u0430\u0431\u043e\u0442\u044b", "_type": "Heading", "_paragraphs": [{"py/object": "Sto.Paragraph.Paragraph", "_text": "\u0420\u0435\u0430\u043b\u0438\u0437\u0430\u0446\u0438\u044f \u0438 \u0438\u0441\u0441\u043b\u0435\u0434\u043e\u0432\u0430\u043d\u0438\u0435 \u0434\u0435\u0442\u0435\u0440\u043c\u0438\u043d\u0438\u0440\u043e\u0432\u0430\u043d\u043d\u044b\u0445 \u0438 \u043d\u0435\u0434\u0435\u0442\u0435\u0440\u043c\u0438\u043d\u0438\u0440\u043e\u0432\u0430\u043d\u043d\u044b\u0445 \u043a\u043e\u043d\u0435\u0447\u043d\u044b\u0445 \u0430\u0432\u0442\u043e\u043c\u0430\u0442\u043e\u0432.", "_type": "Paragraph"}], "_level": 2}, {"py/object": "Sto.Heading.Heading", "_text": "\u0417\u0430\u0434\u0430\u0447\u0430 \u0440\u0430\u0431\u043e\u0442\u044b", "_type": "Heading", "_paragraphs": [{"py/object": "Sto.Paragraph.Paragraph", "_text": "\u041d\u0435\u043e\u0431\u0445\u043e\u0434\u0438\u043c\u043e   \u043f\u043e\u0441\u0442\u0440\u043e\u0438\u0442\u044c   \u0414\u041a\u0410   \u0438   \u041d\u041a\u0410   \u0432   \u0441\u0438\u0441\u0442\u0435\u043c\u0435   JFLAP   \u0438   \u043f\u0440\u043e\u0438\u0437\u0432\u0435\u0441\u0442\u0438\u043f\u0440\u043e\u0433\u0440\u0430\u043c\u043c\u043d\u0443\u044e \u0440\u0435\u0430\u043b\u0438\u0437\u0430\u0446\u0438\u044e. \u0412 \u043a\u043e\u0434\u0435 \u043f\u0440\u043e\u0433\u0440\u0430\u043c\u043c\u044b \u043e\u0431\u044f\u0437\u0430\u0442\u0435\u043b\u044c\u043d\u043e \u043d\u0430\u043b\u0438\u0447\u0438\u0435 \u0441\u0443\u0449\u043d\u043e\u0441\u0442\u0435\u0439\u0438   \u043f\u0440\u043e\u0446\u0435\u0434\u0443\u0440,   \u043e\u0442\u043d\u043e\u0441\u044f\u0449\u0438\u0445\u0441\u044f   \u043a   \u0442\u0430\u0431\u043b\u0438\u0447\u043d\u043e\u043c\u0443   \u043f\u0440\u0435\u0434\u0441\u0442\u0430\u0432\u043b\u0435\u043d\u0438\u044e   \u0430\u0432\u0442\u043e\u043c\u0430\u0442\u0430.\u0418\u0441\u043f\u043e\u043b\u044c\u0437\u043e\u0432\u0430\u043d\u0438\u0435 \u0444\u0443\u043d\u043a\u0446\u0438\u0439 \u043e\u0431\u0440\u0430\u0431\u043e\u0442\u043a\u0438 \u0441\u0442\u0440\u043e\u043a\u043e\u0432\u044b\u0445 \u0434\u0430\u043d\u043d\u044b\u0445  \u0437\u0430\u043f\u0440\u0435\u0449\u0435\u043d\u043e. \u0420\u0435\u0437\u0443\u043b\u044c\u0442\u0430\u0442\u0440\u0430\u0431\u043e\u0442\u044b,   \u0432\u044b\u0434\u0430\u0432\u0430\u0435\u043c\u044b\u0439   \u043f\u0440\u043e\u0433\u0440\u0430\u043c\u043c\u043e\u0439   \u043d\u0430   \u044d\u043a\u0440\u0430\u043d,   \u0432\u043d\u0435\u0448\u043d\u0435   \u0434\u043e\u043b\u0436\u0435\u043d   \u0431\u044b\u0442\u044c   \u0441\u0445\u043e\u0436,   \u0430\u0444\u0430\u043a\u0442\u0438\u0447\u0435\u0441\u043a\u0438 \u044d\u043a\u0432\u0438\u0432\u0430\u043b\u0435\u043d\u0442\u0435\u043d \u0440\u0435\u0437\u0443\u043b\u044c\u0442\u0430\u0442\u0443, \u0432\u044b\u0434\u0430\u0432\u0430\u0435\u043c\u043e\u043c\u0443 JFLAP \u043d\u0430 \u0442\u0435\u0445 \u0436\u0435 \u0442\u0435\u0441\u0442\u043e\u0432\u044b\u0445 \u0446\u0435\u043f\u043e\u0447\u043a\u0430\u0445.", "_type": "Paragraph"}, {"py/object": "Sto.Paragraph.Paragraph", "_text": "\u0412 \u043a\u0430\u0436\u0434\u043e\u043c \u0432\u0430\u0440\u0438\u0430\u043d\u0442\u0435 \u0437\u0430\u0434\u0430\u043d\u0438\u044f \u0432 \u0447\u0430\u0441\u0442\u0438 \u0430) \u0437\u0430\u0434\u0430\u0435\u0442\u0441\u044f \u0446\u0435\u043f\u043e\u0447\u043a\u0430 \u0438\u043b\u0438 \u043d\u0430\u0431\u043e\u0440 \u0446\u0435\u043f\u043e\u0447\u0435\u043a \u0434\u043b\u044f\u0440\u0430\u0441\u043f\u043e\u0437\u043d\u0430\u0432\u0430\u043d\u0438\u044f   \u0414\u041a\u0410.   \u0412   \u0447\u0430\u0441\u0442\u0438   \u0431)   \u0437\u0430\u0434\u0430\u0435\u0442\u0441\u044f   \u0446\u0435\u043f\u043e\u0447\u043a\u0430   \u0438\u043b\u0438   \u043d\u0430\u0431\u043e\u0440   \u0446\u0435\u043f\u043e\u0447\u0435\u043a   \u0434\u043b\u044f \u0440\u0430\u0441\u043f\u043e\u0437\u043d\u0430\u0432\u0430\u043d\u0438\u044f \u041d\u041a\u0410.", "_type": "Paragraph"}, {"py/object": "Sto.Paragraph.Paragraph", "_text": "\u0412\u0430\u0440\u0438\u0430\u043d\u0442 14. ", "_type": "Paragraph"}, {"py/object": "Sto.Paragraph.Paragraph", "_text": "\u0430)  \u041f\u043e\u0441\u0442\u0440\u043e\u0438\u0442\u044c \u0414\u041a\u0410, \u0434\u043e\u043f\u0443\u0441\u043a\u0430\u044e\u0449\u0438\u0439 \u0432 \u0430\u043b\u0444\u0430\u0432\u0438\u0442\u0435 {a,  b} \u0432\u0441\u0435 \u0441\u0442\u0440\u043e\u043a\u0438,\u0434\u043b\u0438\u043d\u0430 \u043a\u043e\u0442\u043e\u0440\u044b\u0445 \u043d\u0430\u0446\u0435\u043b\u043e \u0434\u0435\u043b\u0438\u0442\u0441\u044f \u043d\u0430 3.", "_type": "Paragraph"}, {"py/object": "Sto.Paragraph.Paragraph", "_text": "\u0431) \u041f\u043e\u0441\u0442\u0440\u043e\u0438\u0442\u044c \u041d\u041a\u0410, \u0434\u043e\u043f\u0443\u0441\u043a\u0430\u044e\u0449\u0438\u0439 \u044f\u0437\u044b\u043a \u0438\u0437 \u0446\u0435\u043f\u043e\u0447\u0435\u043a \u0438\u0437 0 \u0438 1, \u043a\u043e\u0442\u043e\u0440\u044b\u0435 \u0441\u043e\u0434\u0435\u0440\u0436\u0430\u0442\u0440\u043e\u0432\u043d\u043e \u0434\u0432\u0435 \u0435\u0434\u0438\u043d\u0438\u0446\u044b \u0438 \u043f\u043e \u043a\u0440\u0430\u0439\u043d\u0435\u0439 \u043c\u0435\u0440\u0435 \u0434\u0432\u0430 \u043d\u0443\u043b\u044f.", "_type": "Paragraph"}], "_level": 2}], "_level": 1}, {"py/object": "Sto.Heading.Heading", "_text": "\u0418\u043d\u0441\u0442\u0440\u0443\u043a\u0446\u0438\u044f \u043f\u043e \u0441\u0431\u043e\u0440\u043a\u0435 \u0438 \u0437\u0430\u043f\u0443\u0441\u043a\u0443 \u043f\u0440\u043e\u0433\u0440\u0430\u043c\u043c", "_type": "Heading", "_paragraphs": [{"py/object": "Sto.Paragraph.Paragraph", "_text": "1. \u0423\u0441\u0442\u0430\u043d\u043e\u0432\u0438\u0442\u044c .NET SDK 5.0 https://dotnet.microsoft.com/download/dotnet/5.0", "_type": "Paragraph"}, {"py/object": "Sto.Paragraph.Paragraph", "_text": "2. dotnet run", "_type": "Paragraph"}], "_level": 1}, {"py/object": "Sto.Heading.Heading", "_text": "\u0413\u0440\u0430\u0444\u044b \u043f\u0435\u0440\u0435\u0445\u043e\u0434\u043e\u0432 \u043f\u043e\u043b\u0443\u0447\u0435\u043d\u043d\u044b\u0445 \u0414\u041a\u0410 \u0438 \u041d\u041a\u0410", "_type": "Heading", "_paragraphs": [{"py/object": "Sto.Paragraph.Paragraph", "_text": "", "_type": "Paragraph"}, {"py/object": "Sto.Picture.Picture", "_text": "pic1.png", "_type": "Picture"}, {"py/object": "Sto.Picture.PictureDescription", "_text": "\u0414\u041a\u0410", "_type": "PictureDescription"}, {"py/object": "Sto.Paragraph.Paragraph", "_text": "", "_type": "Paragraph"}, {"py/object": "Sto.Paragraph.Paragraph", "_text": "", "_type": "Paragraph"}, {"py/object": "Sto.Picture.Picture", "_text": "pic2.png", "_type": "Picture"}, {"py/object": "Sto.Picture.PictureDescription", "_text": "\u041d\u041a\u0410", "_type": "PictureDescription"}, {"py/object": "Sto.Paragraph.Paragraph", "_text": "", "_type": "Paragraph"}], "_level": 1}, {"py/object": "Sto.Heading.Heading", "_text": "\u041f\u0435\u0440\u0435\u0445\u0432\u0430\u0442\u044b \u044d\u043a\u0440\u0430\u043d\u043e\u0432 \u043f\u0440\u0438 \u043f\u043e\u0448\u0430\u0433\u043e\u0432\u043e\u043c \u0432\u044b\u043f\u043e\u043b\u043d\u0435\u043d\u0438\u0438 \u043f\u0440\u043e\u0446\u0435\u0441\u0441\u0430 \u0440\u0430\u0441\u043f\u043e\u0437\u043d\u0430\u0432\u0430\u043d\u0438\u044f \u043d\u0435\u0441\u043a\u043e\u043b\u044c\u043a\u0438\u0445 \u0442\u0435\u0441\u0442\u043e\u0432\u044b\u0445 \u0446\u0435\u043f\u043e\u0447\u0435\u043a \u0414\u041a\u0410 \u0438 \u041d\u041a\u0410", "_type": "Heading", "_paragraphs": [{"py/object": "Sto.Paragraph.Paragraph", "_text": "", "_type": "Paragraph"}, {"py/object": "Sto.Picture.Picture", "_text": "pic3.png", "_type": "Picture"}, {"py/object": "Sto.Picture.PictureDescription", "_text": "\u0414\u041a\u0410, \"ababab\"", "_type": "PictureDescription"}, {"py/object": "Sto.Paragraph.Paragraph", "_text": "", "_type": "Paragraph"}, {"py/object": "Sto.Paragraph.Paragraph", "_text": "", "_type": "Paragraph"}, {"py/object": "Sto.Picture.Picture", "_text": "pic4.png", "_type": "Picture"}, {"py/object": "Sto.Picture.PictureDescription", "_text": "\u0414\u041a\u0410, \"abbbbbb\"", "_type": "PictureDescription"}, {"py/object": "Sto.Paragraph.Paragraph", "_text": "", "_type": "Paragraph"}, {"py/object": "Sto.Paragraph.Paragraph", "_text": "", "_type": "Paragraph"}, {"py/object": "Sto.Picture.Picture", "_text": "pic5.png", "_type": "Picture"}, {"py/object": "Sto.Picture.PictureDescription", "_text": "\u041d\u041a\u0410, \"0101\", \u043f\u0440\u0435\u0444\u0438\u043a\u0441 \"\"", "_type": "PictureDescription"}, {"py/object": "Sto.Paragraph.Paragraph", "_text": "", "_type": "Paragraph"}, {"py/object": "Sto.Paragraph.Paragraph", "_text": "", "_type": "Paragraph"}, {"py/object": "Sto.Picture.Picture", "_text": "pic6.png", "_type": "Picture"}, {"py/object": "Sto.Picture.PictureDescription", "_text": "\u041d\u041a\u0410, \"0101\", \u043f\u0440\u0435\u0444\u0438\u043a\u0441 \"0\"", "_type": "PictureDescription"}, {"py/object": "Sto.Paragraph.Paragraph", "_text": "", "_type": "Paragraph"}, {"py/object": "Sto.Paragraph.Paragraph", "_text": "", "_type": "Paragraph"}, {"py/object": "Sto.Picture.Picture", "_text": "pic7.png", "_type": "Picture"}, {"py/object": "Sto.Picture.PictureDescription", "_text": "\u041d\u041a\u0410, \"0101\", \u043f\u0440\u0435\u0444\u0438\u043a\u0441 \"01\"", "_type": "PictureDescription"}, {"py/object": "Sto.Paragraph.Paragraph", "_text": "", "_type": "Paragraph"}, {"py/object": "Sto.Paragraph.Paragraph", "_text": "", "_type": "Paragraph"}, {"py/object": "Sto.Picture.Picture", "_text": "pic8.png", "_type": "Picture"}, {"py/object": "Sto.Picture.PictureDescription", "_text": "\u041d\u041a\u0410, \"0101\", \u043f\u0440\u0435\u0444\u0438\u043a\u0441 \"010\"", "_type": "PictureDescription"}, {"py/object": "Sto.Paragraph.Paragraph", "_text": "", "_type": "Paragraph"}, {"py/object": "Sto.Paragraph.Paragraph", "_text": "", "_type": "Paragraph"}, {"py/object": "Sto.Picture.Picture", "_text": "pic9.png", "_type": "Picture"}, {"py/object": "Sto.Picture.PictureDescription", "_text": "\u041d\u041a\u0410, \"0101\", \u043f\u0440\u0435\u0444\u0438\u043a\u0441 \"0101\"", "_type": "PictureDescription"}, {"py/object": "Sto.Paragraph.Paragraph", "_text": "", "_type": "Paragraph"}], "_level": 1}], "_resources_list": null, "_attachments": []}